cell_lat,cell_lon,n_incidents,gi_z,gi_p,hotspot_class
34.05,-118.26,13138,5.204333010979207,0.01,Hot Spot
34.05,-118.27,4645,4.950767244322707,0.01,Hot Spot
34.05,-118.25,12481,4.924661972130368,0.01,Hot Spot
34.04,-118.26,7552,4.645656125904486,0.01,Hot Spot
34.04,-118.25,8223,4.394093013634112,0.01,Hot Spot
34.06,-118.26,3446,4.152790851398681,0.01,Hot Spot
34.04,-118.27,3748,3.965546204554211,0.01,Hot Spot
34.05,-118.28,3909,3.6756142156704343,0.01,Hot Spot
34.03,-118.26,3002,3.634704869358724,0.01,Hot Spot
34.06,-118.25,2865,3.6094487792382424,0.01,Hot Spot
34.06,-118.27,6542,3.4548481065394108,0.01,Hot Spot
34.06,-118.28,5879,3.295513243789974,0.01,Hot Spot
34.05,-118.24,5569,3.2797467633224966,0.01,Hot Spot
34.03,-118.25,2257,3.1843553105838924,0.01,Hot Spot
34.06,-118.29,4767,3.0871522694253284,0.01,Hot Spot
34.07,-118.29,5166,2.878219512465631,0.01,Hot Spot
34.06,-118.3,5526,2.8622463976940002,0.01,Hot Spot
34.04,-118.24,4812,2.8557501548442947,0.01,Hot Spot
34.07,-118.28,2682,2.664429434054912,0.01,Hot Spot
34.05,-118.29,3637,2.5374767143122905,0.01,Hot Spot
34.07,-118.3,4229,2.495951710998483,0.01,Hot Spot
34.05,-118.23,1540,2.462918528403245,0.01,Hot Spot
34.04,-118.28,2201,2.4612060112250003,0.01,Hot Spot
34.03,-118.27,3024,2.429036163736151,0.01,Hot Spot
34.05,-118.3,2518,2.2361656856656285,0.01,Hot Spot
34.1,-118.33,7541,2.2304832423014522,0.01,Hot Spot
34.07,-118.27,2775,2.171105601230304,0.01,Hot Spot
34.08,-118.3,2463,2.117768475296966,0.01,Hot Spot
34.06,-118.24,5753,2.076795440329866,0.01,Hot Spot
34.09,-118.32,2186,2.0615950812436252,0.01,Hot Spot
34.08,-118.29,2155,2.044186848770557,0.01,Hot Spot
33.96,-118.28,3430,2.0228016135942917,0.01,Hot Spot
34.06,-118.31,4151,2.0165742784006735,0.01,Hot Spot
34.09,-118.33,2856,2.0093350012380924,0.01,Hot Spot
34.1,-118.32,4604,1.982366393939367,0.01,Hot Spot
33.96,-118.27,3637,1.9778402534963693,0.01,Hot Spot
33.97,-118.28,4462,1.9536781929451317,0.01,Hot Spot
33.97,-118.27,3376,1.947949044567003,0.01,Hot Spot
34.02,-118.26,2701,1.9151111738482927,0.01,Hot Spot
34.07,-118.31,3081,1.8885317749991688,0.01,Hot Spot
34.03,-118.28,3366,1.8647051413663143,0.01,Hot Spot
33.98,-118.28,3313,1.850927162250434,0.01,Hot Spot
34.03,-118.24,1290,1.8370713414446347,0.01,Hot Spot
34.1,-118.31,4220,1.821035953321068,0.01,Hot Spot
34.02,-118.27,2155,1.8168608081344373,0.01,Hot Spot
34.02,-118.28,2218,1.7909112193219399,0.01,Hot Spot
34.08,-118.28,2378,1.7782230238649437,0.01,Hot Spot
34.09,-118.34,2385,1.754530844060134,0.01,Hot Spot
34.04,-118.23,1492,1.754361007645762,0.01,Hot Spot
34.09,-118.31,3104,1.750744907323104,0.01,Hot Spot
33.98,-118.29,2692,1.750539688322406,0.01,Hot Spot
33.95,-118.27,3577,1.7501150972864772,0.01,Hot Spot
34.07,-118.26,1411,1.722083597094477,0.01,Hot Spot
34.04,-118.29,1885,1.7203088065642962,0.01,Hot Spot
33.99,-118.28,2604,1.71470420489004,0.01,Hot Spot
33.95,-118.28,2598,1.6849686793405143,0.01,Hot Spot
34.0,-118.28,2708,1.6786139668361175,0.01,Hot Spot
34.01,-118.29,3047,1.6785290486289317,0.01,Hot Spot
34.05,-118.31,3375,1.6782742940073743,0.01,Hot Spot
33.98,-118.27,2201,1.677994063923662,0.01,Hot Spot
33.99,-118.29,3523,1.6662159085870054,0.01,Hot Spot
34.1,-118.34,6921,1.6507607948792078,0.01,Hot Spot
34.02,-118.29,2409,1.6264741876240976,0.01,Hot Spot
34.01,-118.28,3069,1.6015223877460325,0.01,Hot Spot
34.0,-118.29,1855,1.5971009797585642,0.01,Hot Spot
33.97,-118.26,1667,1.5755232633126774,0.01,Hot Spot
34.09,-118.3,2349,1.5734215376848313,0.01,Hot Spot
34.03,-118.29,2859,1.5702583344671635,0.01,Hot Spot
34.08,-118.31,2404,1.5654816853129685,0.01,Hot Spot
33.97,-118.29,2720,1.5638045507210503,0.01,Hot Spot
34.01,-118.27,2355,1.5175241278048437,0.01,Hot Spot
33.96,-118.26,2282,1.507126365102772,0.01,Hot Spot
34.04,-118.3,1590,1.470670506990134,0.01,Hot Spot
34.0,-118.27,2920,1.4607223390183293,0.01,Hot Spot
34.02,-118.25,1901,1.4557249025254506,0.01,Hot Spot
34.0,-118.3,1594,1.4483157889484983,0.01,Hot Spot
33.95,-118.26,1457,1.443067843744422,0.01,Hot Spot
33.96,-118.29,2672,1.4131596511736184,0.01,Hot Spot
34.01,-118.3,2129,1.3678416346055164,0.01,Hot Spot
34.11,-118.33,1311,1.3665961675667924,0.01,Hot Spot
34.1,-118.35,3478,1.3596611806466272,0.01,Hot Spot
34.03,-118.3,2195,1.3552312808384397,0.01,Hot Spot
34.09,-118.29,2153,1.3348650641484028,0.01,Hot Spot
34.06,-118.32,994,1.3345253913196602,0.01,Hot Spot
34.02,-118.3,2619,1.328064531056281,0.01,Hot Spot
34.01,-118.26,2121,1.314399776216649,0.01,Hot Spot
33.99,-118.3,2364,1.2980954804369944,0.01,Hot Spot
34.1,-118.3,3599,1.2856408100497585,0.01,Hot Spot
34.09,-118.35,898,1.2847633219088395,0.01,Hot Spot
33.98,-118.3,1667,1.283383401042072,0.01,Hot Spot
33.99,-118.27,2384,1.2761865829830839,0.01,Hot Spot
34.08,-118.27,1657,1.27567707373997,0.01,Hot Spot
33.94,-118.27,2891,1.2749128098752984,0.01,Hot Spot
34.11,-118.34,796,1.2746580552537412,0.01,Hot Spot
34.11,-118.32,1306,1.2448517645315609,0.01,Hot Spot
33.94,-118.28,2625,1.2409455270010186,0.01,Hot Spot
34.07,-118.25,1889,1.1790401539626432,0.01,Hot Spot
33.98,-118.26,422,1.1724070984458044,0.01,Hot Spot
33.95,-118.29,1556,1.1721787628220384,0.02,Hot Spot
34.0,-118.26,1973,1.1674148513989202,0.02,Hot Spot
33.94,-118.26,1566,1.1376849870632073,0.01,Hot Spot
34.05,-118.32,2236,1.1148419893302537,0.01,Hot Spot
34.03,-118.31,1777,1.1112754246284537,0.01,Hot Spot
34.06,-118.23,1177,1.1040573770176696,0.01,Hot Spot
34.04,-118.31,1954,1.103335572256591,0.01,Hot Spot
33.99,-118.31,2519,1.0967968703032918,0.01,Hot Spot
33.97,-118.3,1346,1.0519600569092422,0.01,Hot Spot
34.07,-118.32,1033,1.0463554552349865,0.02,Hot Spot
34.01,-118.31,2860,1.0463554552349865,0.01,Hot Spot
33.99,-118.26,1411,1.0397233432537831,0.03,Hot Spot
34.07,-118.36,3079,1.0255080353708967,0.02,Hot Spot
34.08,-118.32,1214,1.0250834443349686,0.01,Hot Spot
34.02,-118.31,1622,1.0202784891117107,0.01,Hot Spot
33.95,-118.25,1435,1.0092509163730117,0.02,Hot Spot
34.1,-118.29,2338,0.9800767945265473,0.02,Hot Spot
34.0,-118.31,1718,0.971584973807977,0.03,Hot Spot
34.05,-118.22,1685,0.9587057123848128,0.02,Hot Spot
34.06,-118.36,1564,0.9550471529585617,0.02,Hot Spot
34.0,-118.48,767,0.9541130526795194,0.05,Not Significant
33.98,-118.31,1516,0.9457061501681353,0.01,Hot Spot
34.11,-118.31,355,0.9438379496100492,0.01,Hot Spot
34.04,-118.22,1549,0.9277247197965631,0.01,Hot Spot
34.06,-118.35,1993,0.9209737223252998,0.02,Hot Spot
34.04,-118.32,1299,0.8996592523216888,0.02,Hot Spot
34.07,-118.35,2696,0.8869045376023968,0.02,Hot Spot
34.03,-118.34,1988,0.8789392097683787,0.03,Hot Spot
34.04,-118.35,1511,0.8764765817599932,0.02,Hot Spot
34.05,-118.33,1519,0.8642059008216588,0.01,Hot Spot
34.03,-118.23,1091,0.8630595050246522,0.03,Hot Spot
33.93,-118.27,2936,0.8627113403751909,0.04,Hot Spot
33.99,-118.32,1511,0.8566057212785391,0.03,Hot Spot
34.08,-118.26,2097,0.8503217739467973,0.02,Hot Spot
34.04,-118.33,1107,0.8424880693339162,0.01,Hot Spot
33.96,-118.3,1379,0.8419431775044749,0.02,Hot Spot
34.08,-118.35,1786,0.8388578159767278,0.02,Hot Spot
34.0,-118.32,1003,0.8358092523387612,0.03,Hot Spot
33.93,-118.28,1884,0.8304848807482177,0.04,Hot Spot
34.02,-118.34,1324,0.827139103385101,0.03,Hot Spot
34.08,-118.36,2250,0.8203810293965721,0.02,Hot Spot
34.03,-118.35,1197,0.8144013723072463,0.03,Hot Spot
34.02,-118.33,872,0.8123633353347891,0.02,Hot Spot
34.07,-118.37,1861,0.8104017247487997,0.02,Hot Spot
34.23,-118.46,1990,0.8087118524258039,0.03,Hot Spot
33.99,-118.48,1773,0.806011453437299,0.11,Not Significant
34.02,-118.32,752,0.7966534670054344,0.03,Hot Spot
34.08,-118.34,1051,0.7646393028964256,0.02,Hot Spot
34.22,-118.46,1324,0.7622615930952261,0.03,Hot Spot
34.05,-118.35,1704,0.7610727381946266,0.04,Hot Spot
34.04,-118.34,1722,0.7586950283934267,0.04,Hot Spot
34.06,-118.22,119,0.7534371760651788,0.02,Hot Spot
34.03,-118.32,1632,0.7472310704233571,0.04,Hot Spot
34.05,-118.34,2381,0.745277951658086,0.05,Not Significant
34.09,-118.28,1591,0.734210278654883,0.02,Hot Spot
34.17,-118.38,3308,0.7315212020940025,0.06,Not Significant
33.93,-118.26,1176,0.7247447291605837,0.04,Hot Spot
34.06,-118.33,608,0.7197317243297211,0.02,Hot Spot
34.17,-118.37,1982,0.719462816673633,0.04,Hot Spot
34.21,-118.46,1493,0.7170851068724334,0.04,Hot Spot
34.05,-118.45,1335,0.7166180567329119,0.02,Hot Spot
34.01,-118.25,1531,0.7156061147639492,0.03,Hot Spot
34.16,-118.37,3387,0.7144526424496771,0.06,Not Significant
34.06,-118.37,846,0.7085083679466776,0.03,Hot Spot
34.02,-118.24,1590,0.7044322940017642,0.04,Hot Spot
34.02,-118.35,3424,0.7008657292999646,0.08,Not Significant
34.07,-118.24,529,0.6951337503149299,0.02,Hot Spot
34.2,-118.45,2039,0.6808108793696083,0.03,Hot Spot
33.94,-118.25,1852,0.673727285586868,0.04,Hot Spot
34.04,-118.21,2490,0.6733522301717977,0.06,Not Significant
33.98,-118.32,1021,0.665879427939456,0.04,Hot Spot
34.06,-118.34,1555,0.6657945097322706,0.05,Not Significant
34.05,-118.36,953,0.6655539081452443,0.03,Hot Spot
34.0,-118.25,1606,0.6592642995996904,0.04,Hot Spot
34.07,-118.34,791,0.6582367892927429,0.02,Hot Spot
34.04,-118.46,3329,0.6508677759802949,0.14,Not Significant
33.93,-118.29,964,0.6502969369208804,0.09,Not Significant
34.01,-118.32,1302,0.6494902139526159,0.04,Hot Spot
34.11,-118.3,667,0.6461713273551077,0.03,Hot Spot
34.08,-118.33,758,0.6460156439752677,0.02,Hot Spot
34.19,-118.6,2519,0.6343747730735612,0.06,Not Significant
33.99,-118.47,3008,0.6327047149989091,0.14,Not Significant
34.2,-118.46,1408,0.631317717614876,0.04,Hot Spot
34.11,-118.35,84,0.6190045775729499,0.04,Hot Spot
34.18,-118.38,1654,0.6177902472101939,0.04,Hot Spot
33.94,-118.29,1473,0.6170325880949704,0.09,Not Significant
33.95,-118.24,1705,0.6140227094180553,0.15,Not Significant
34.03,-118.22,1199,0.6123880339297303,0.04,Hot Spot
34.03,-118.33,1618,0.606472065495793,0.04,Hot Spot
34.22,-118.45,2299,0.6053822818369103,0.05,Not Significant
34.19,-118.46,1344,0.6005773266136525,0.05,Not Significant
34.16,-118.38,1329,0.5932743607956827,0.04,Hot Spot
34.03,-118.21,1025,0.584273030833998,0.05,Not Significant
34.2,-118.6,1901,0.578923183781299,0.06,Not Significant
33.94,-118.24,1704,0.5774890096154958,0.12,Not Significant
34.05,-118.43,945,0.5703464448555434,0.06,Not Significant
33.95,-118.3,284,0.5654211888387731,0.05,Not Significant
34.19,-118.59,1755,0.5583729776423596,0.07,Not Significant
34.17,-118.39,576,0.5550187084585244,0.04,Hot Spot
33.93,-118.25,1952,0.5505350271191198,0.12,Not Significant
33.97,-118.31,1443,0.5487913732649062,0.05,Not Significant
34.04,-118.44,1906,0.5484800065052255,0.06,Not Significant
34.04,-118.45,1175,0.5457555473580177,0.04,Hot Spot
34.03,-118.36,1471,0.5449771304588155,0.04,Hot Spot
34.09,-118.36,456,0.5410072042728838,0.04,Hot Spot
34.18,-118.6,896,0.5400731039938412,0.05,Not Significant
34.05,-118.44,2046,0.5399174206140007,0.08,Not Significant
34.04,-118.36,1128,0.5399174206140007,0.04,Hot Spot
34.21,-118.45,930,0.5396060538543197,0.04,Hot Spot
34.19,-118.45,1697,0.5357918110482286,0.06,Not Significant
34.23,-118.45,1765,0.5350133941490265,0.06,Not Significant
34.01,-118.33,1293,0.5333787186607019,0.05,Not Significant
33.95,-118.23,908,0.5311991513429356,0.14,Not Significant
33.99,-118.25,1002,0.529538528624637,0.06,Not Significant
34.07,-118.23,671,0.528583670561616,0.06,Not Significant
34.22,-118.47,1874,0.5276184336066048,0.08,Not Significant
34.2,-118.47,1765,0.5238820324904344,0.06,Not Significant
34.19,-118.44,1462,0.5227144071416311,0.05,Not Significant
34.18,-118.39,864,0.5194804387513089,0.06,Not Significant
34.18,-118.37,1049,0.5142919362922628,0.06,Not Significant
34.07,-118.38,1340,0.5099950750086663,0.08,Not Significant
34.19,-118.38,1054,0.5069974622950112,0.06,Not Significant
34.0,-118.47,1543,0.5024755677623725,0.16,Not Significant
34.08,-118.37,2135,0.500288923927341,0.11,Not Significant
33.93,-118.23,941,0.49869246163224984,0.15,Not Significant
34.16,-118.39,1013,0.4964817576385151,0.04,Hot Spot
33.94,-118.23,848,0.49103283934409947,0.14,Not Significant
34.07,-118.33,243,0.4890797205788283,0.05,Not Significant
34.1,-118.28,836,0.4882305385069713,0.04,Hot Spot
34.19,-118.61,2456,0.46355472280225996,0.1,Not Significant
34.1,-118.36,1229,0.4556927121203171,0.09,Not Significant
34.05,-118.21,1802,0.4522252186602341,0.1,Not Significant
34.05,-118.37,1366,0.45137603658837755,0.11,Not Significant
34.21,-118.47,1013,0.4509443690351833,0.08,Not Significant
34.05,-118.46,1865,0.44679045340034956,0.11,Not Significant
34.05,-118.2,1664,0.4377042052314793,0.1,Not Significant
34.04,-118.2,1115,0.43473206797998004,0.11,Not Significant
33.92,-118.27,716,0.4305238990461109,0.14,Not Significant
34.2,-118.44,1288,0.4272026536095146,0.09,Not Significant
34.03,-118.46,149,0.4269302076947939,0.13,Not Significant
33.93,-118.24,981,0.41670514571170136,0.17,Not Significant
34.0,-118.46,1197,0.41630481702068317,0.15,Not Significant
34.18,-118.46,867,0.4119145457091821,0.08,Not Significant
34.17,-118.36,663,0.40509561367217073,0.08,Not Significant
33.97,-118.32,582,0.4044417434768405,0.11,Not Significant
34.2,-118.59,1524,0.4030575766997137,0.1,Not Significant
34.03,-118.45,1255,0.4028537730024681,0.12,Not Significant
33.92,-118.26,195,0.40194302523040154,0.14,Not Significant
34.23,-118.47,2172,0.3985569117188715,0.13,Not Significant
34.08,-118.24,128,0.39787756606138636,0.1,Not Significant
33.92,-118.28,808,0.3970623512724035,0.13,Not Significant
33.99,-118.33,1810,0.397000077920467,0.15,Not Significant
34.04,-118.37,1038,0.3893857453428162,0.12,Not Significant
34.21,-118.44,574,0.3857130328820346,0.09,Not Significant
34.03,-118.2,1925,0.38420573470448843,0.15,Not Significant
33.99,-118.46,1258,0.38165818848891725,0.13,Not Significant
34.06,-118.38,1418,0.3765630960577754,0.11,Not Significant
33.96,-118.31,1767,0.37562899577873277,0.17,Not Significant
33.74,-118.29,3020,0.3750345683284328,0.25,Not Significant
34.19,-118.54,965,0.3747798137068757,0.1,Not Significant
33.98,-118.47,980,0.37453719025777366,0.18,Not Significant
33.73,-118.29,2138,0.37418538625657594,0.2,Not Significant
34.19,-118.47,1398,0.3663304520918983,0.1,Not Significant
34.0,-118.33,851,0.3639952013942917,0.13,Not Significant
34.19,-118.39,1430,0.357845707890594,0.11,Not Significant
34.09,-118.27,864,0.35720174481943573,0.13,Not Significant
34.24,-118.46,781,0.35372009832482204,0.11,Not Significant
34.11,-118.29,1018,0.352870916252965,0.14,Not Significant
34.18,-118.45,1520,0.3459076232637377,0.13,Not Significant
34.18,-118.59,1099,0.34241748494840546,0.1,Not Significant
34.01,-118.34,2518,0.34030302158948145,0.22,Not Significant
34.15,-118.38,525,0.3391990848960673,0.12,Not Significant
34.17,-118.45,732,0.3390080189298991,0.13,Not Significant
34.19,-118.4,1145,0.3257820081607267,0.13,Not Significant
34.19,-118.43,771,0.32204560704455576,0.11,Not Significant
34.15,-118.37,1244,0.3183092059283852,0.16,Not Significant
34.2,-118.43,1463,0.31678067819904243,0.17,Not Significant
34.02,-118.21,1529,0.30664144426106965,0.2,Not Significant
34.18,-118.61,1179,0.3039580289140016,0.15,Not Significant
34.02,-118.36,768,0.30257810804723406,0.15,Not Significant
34.23,-118.44,839,0.2945604139854507,0.13,Not Significant
34.02,-118.23,474,0.2930969902149504,0.17,Not Significant
34.06,-118.21,1046,0.2923242345295607,0.17,Not Significant
34.04,-118.43,1073,0.28807832417027573,0.17,Not Significant
34.08,-118.25,585,0.28755466189263074,0.15,Not Significant
34.03,-118.38,519,0.2866516982895561,0.17,Not Significant
34.12,-118.33,66,0.28397394415630006,0.14,Not Significant
33.99,-118.45,1711,0.2788363926215652,0.21,Not Significant
34.2,-118.61,851,0.27626761685419793,0.13,Not Significant
34.03,-118.37,1071,0.2757651841283491,0.2,Not Significant
34.05,-118.38,1611,0.27406681998463517,0.23,Not Significant
34.01,-118.36,164,0.2722457962083197,0.17,Not Significant
34.08,-118.38,1557,0.26761303623852206,0.21,Not Significant
34.01,-118.35,1281,0.2670186087882219,0.22,Not Significant
34.19,-118.37,1626,0.26616942671636507,0.19,Not Significant
33.98,-118.33,2737,0.2629425348433085,0.32,Not Significant
34.22,-118.44,973,0.26124417069959416,0.15,Not Significant
34.04,-118.38,2023,0.2507992312157534,0.27,Not Significant
34.04,-118.19,211,0.24945115467668036,0.19,Not Significant
34.17,-118.46,897,0.24689299368521112,0.19,Not Significant
34.2,-118.54,1662,0.24689299368521112,0.2,Not Significant
34.16,-118.36,579,0.24477003850556855,0.17,Not Significant
34.01,-118.24,472,0.2444303656768257,0.19,Not Significant
34.02,-118.4,796,0.23917605160721053,0.23,Not Significant
34.18,-118.44,1373,0.23449493543609892,0.19,Not Significant
34.04,-118.47,828,0.23218327312937673,0.23,Not Significant
34.19,-118.53,927,0.23002965304158396,0.17,Not Significant
33.92,-118.25,104,0.2290844325211243,0.21,Not Significant
34.19,-118.41,973,0.2278713152756141,0.18,Not Significant
33.96,-118.32,243,0.22689003821480153,0.19,Not Significant
34.06,-118.44,2161,0.2224790091193221,0.29,Not Significant
34.03,-118.42,762,0.21757498265434785,0.2,Not Significant
34.2,-118.39,1297,0.21539541533658157,0.19,Not Significant
34.21,-118.59,502,0.21487882957620213,0.18,Not Significant
34.02,-118.22,1134,0.21301062901811688,0.23,Not Significant
34.24,-118.47,1431,0.21259311449945364,0.21,Not Significant
34.18,-118.36,584,0.20975189281736548,0.18,Not Significant
34.16,-118.45,745,0.20838966324376137,0.19,Not Significant
34.2,-118.4,819,0.20732110913667467,0.19,Not Significant
34.12,-118.34,205,0.20681159989356068,0.17,Not Significant
33.98,-118.46,621,0.20384889799841518,0.23,Not Significant
34.19,-118.58,512,0.20301858663926603,0.16,Not Significant
33.92,-118.29,931,0.20092798125283712,0.29,Not Significant
34.0,-118.45,663,0.20018797973307584,0.22,Not Significant
34.03,-118.43,1085,0.19908404303966168,0.24,Not Significant
34.03,-118.44,943,0.19850376862389274,0.23,Not Significant
33.74,-118.3,515,0.19655772637588712,0.22,Not Significant
34.16,-118.46,1292,0.19492305088756248,0.25,Not Significant
34.06,-118.43,905,0.19475321447319136,0.22,Not Significant
34.24,-118.45,1820,0.19204290836051402,0.29,Not Significant
33.97,-118.33,1057,0.19200398751555414,0.28,Not Significant
34.21,-118.6,840,0.19161124080732017,0.2,Not Significant
34.18,-118.47,940,0.1903459595202533,0.2,Not Significant
34.19,-118.42,1268,0.18799514048466245,0.23,Not Significant
34.2,-118.55,878,0.18721672358546013,0.19,Not Significant
33.99,-118.34,445,0.18511499795761419,0.2,Not Significant
34.18,-118.53,715,0.18388368395342147,0.19,Not Significant
33.95,-118.31,1325,0.1824683805003263,0.28,Not Significant
34.18,-118.4,1318,0.17792242580898526,0.26,Not Significant
34.14,-118.37,1827,0.17717514558575118,0.32,Not Significant
34.17,-118.6,1043,0.17692039096419407,0.26,Not Significant
34.18,-118.54,1777,0.17502671494395294,0.31,Not Significant
34.17,-118.44,926,0.1749955782679847,0.22,Not Significant
34.03,-118.39,1065,0.17420300833425154,0.27,Not Significant
33.95,-118.39,2221,0.1738279529191814,0.34,Not Significant
34.02,-118.41,1551,0.17042886579266478,0.35,Not Significant
33.74,-118.28,1909,0.17021185259652377,0.35,Not Significant
34.2,-118.58,748,0.16978018504332984,0.21,Not Significant
34.04,-118.39,721,0.16528659657975328,0.26,Not Significant
34.18,-118.43,580,0.1649384319302918,0.18,Not Significant
34.05,-118.47,1191,0.16155019546358215,0.28,Not Significant
34.17,-118.53,1083,0.16090623239242408,0.24,Not Significant
33.99,-118.24,586,0.1603613405629826,0.32,Not Significant
34.16,-118.44,1690,0.1602056571831421,0.33,Not Significant
33.79,-118.27,1083,0.15951215849112574,0.29,Not Significant
34.09,-118.26,705,0.1580685489689686,0.24,Not Significant
34.21,-118.54,1149,0.15373772040249786,0.27,Not Significant
34.06,-118.45,843,0.1518765963616779,0.25,Not Significant
34.2,-118.53,1650,0.1492299789043903,0.32,Not Significant
34.2,-118.42,1057,0.14292480202085212,0.25,Not Significant
34.07,-118.39,139,0.1419128600518891,0.23,Not Significant
33.79,-118.26,709,0.1412547439462001,0.28,Not Significant
34.03,-118.4,1778,0.14055841464727714,0.37,Not Significant
34.15,-118.36,821,0.13556522406475813,0.27,Not Significant
34.18,-118.41,807,0.13523404305673367,0.25,Not Significant
33.73,-118.3,976,0.13506279133890925,0.31,Not Significant
33.97,-118.34,14,0.13439335280559542,0.25,Not Significant
34.23,-118.55,962,0.13436221612962737,0.27,Not Significant
33.78,-118.27,2092,0.13429145095697273,0.41,Not Significant
34.2,-118.38,857,0.1335271870923012,0.27,Not Significant
33.96,-118.39,716,0.13202696543202055,0.29,Not Significant
33.78,-118.26,1847,0.1281773400396023,0.41,Not Significant
34.21,-118.53,637,0.12790135586624865,0.24,Not Significant
33.99,-118.43,471,0.1266488123102596,0.25,Not Significant
34.0,-118.34,2,0.12346437954079573,0.21,Not Significant
34.17,-118.4,1177,0.12189339270786033,0.31,Not Significant
33.75,-118.29,815,0.12066207870366762,0.29,Not Significant
34.01,-118.23,8,0.11992814277013412,0.27,Not Significant
34.0,-118.24,949,0.11939437118210959,0.36,Not Significant
34.2,-118.41,1003,0.11926092828510355,0.27,Not Significant
34.19,-118.55,1094,0.11856035307582148,0.28,Not Significant
34.22,-118.48,493,0.11764748234857537,0.26,Not Significant
34.03,-118.41,1451,0.11518485434018984,0.36,Not Significant
33.94,-118.39,39,0.11346950655503886,0.24,Not Significant
34.08,-118.21,893,0.11289206274617603,0.29,Not Significant
33.73,-118.28,1173,0.1127222263318045,0.34,Not Significant
34.2,-118.48,1219,0.10737237927910556,0.32,Not Significant
34.0,-118.44,982,0.10423040561323459,0.32,Not Significant
34.07,-118.21,1264,0.09796344192292995,0.36,Not Significant
33.95,-118.41,6,0.09752186724556429,0.26,Not Significant
34.22,-118.43,693,0.09709727620963586,0.28,Not Significant
34.05,-118.39,562,0.09380669568118978,0.3,Not Significant
34.07,-118.22,1221,0.09327595688627933,0.37,Not Significant
34.04,-118.42,444,0.091782811743264,0.29,Not Significant
34.23,-118.48,401,0.09166251094975106,0.27,Not Significant
33.95,-118.4,2544,0.08852053728388008,0.47,Not Significant
34.05,-118.42,755,0.08820209400693375,0.36,Not Significant
34.06,-118.46,171,0.08784119162639464,0.26,Not Significant
34.09,-118.37,222,0.087416600590466,0.27,Not Significant
34.11,-118.28,887,0.07995087487538982,0.35,Not Significant
34.21,-118.43,842,0.07968904373656721,0.29,Not Significant
34.22,-118.54,835,0.0789247798718959,0.29,Not Significant
34.19,-118.48,1141,0.07152840402602145,0.41,Not Significant
34.22,-118.59,921,0.07000836811739747,0.33,Not Significant
33.99,-118.44,1670,0.06967577180592012,0.42,Not Significant
34.22,-118.6,1384,0.06397917540721271,0.41,Not Significant
34.23,-118.54,1030,0.06245064767787,0.33,Not Significant
33.96,-118.4,1050,0.06049752891259906,0.36,Not Significant
34.18,-118.42,621,0.06041261070541339,0.31,Not Significant
34.02,-118.38,114,0.05959527296125088,0.33,Not Significant
34.15,-118.45,1588,0.05870009352716842,0.46,Not Significant
34.18,-118.55,401,0.057865064489842376,0.29,Not Significant
34.21,-118.4,722,0.05769522807547075,0.33,Not Significant
34.02,-118.44,526,0.05293980847307169,0.36,Not Significant
34.18,-118.62,175,0.052099118221933235,0.29,Not Significant
34.12,-118.32,527,0.047674879627558134,0.34,Not Significant
34.24,-118.44,487,0.04764657355849628,0.35,Not Significant
34.16,-118.4,988,0.04657094293414416,0.4,Not Significant
34.21,-118.48,748,0.04453290596168745,0.33,Not Significant
34.02,-118.42,1147,0.044532905961687255,0.42,Not Significant
34.17,-118.41,507,0.04274962361078775,0.34,Not Significant
33.98,-118.34,558,0.042145760804133625,0.34,Not Significant
34.2,-118.56,751,0.04188628850439955,0.38,Not Significant
34.21,-118.55,624,0.04173060512455924,0.36,Not Significant
34.25,-118.46,261,0.04088991487342069,0.28,Not Significant
34.19,-118.52,415,0.039437813530545526,0.32,Not Significant
34.2,-118.37,861,0.039098140701802564,0.36,Not Significant
34.17,-118.61,918,0.03900614597735128,0.4,Not Significant
33.94,-118.4,1373,0.037060103729345754,0.49,Not Significant
34.17,-118.59,1091,0.03493714854970318,0.43,Not Significant
34.16,-118.43,581,0.03425780289221774,0.34,Not Significant
34.15,-118.44,1330,0.031144135295408517,0.49,Not Significant
33.8,-118.27,170,0.03005435163652547,0.33,Not Significant
34.0,-118.43,796,0.028933431301674268,0.38,Not Significant
34.24,-118.54,1198,0.02890795583951842,0.45,Not Significant
34.23,-118.56,1065,0.02250370771426352,0.46,Not Significant
34.17,-118.43,477,0.022369253886219752,0.34,Not Significant
34.22,-118.55,456,0.021102557295699466,0.38,Not Significant
34.15,-118.39,908,0.019934931946896165,0.43,Not Significant
34.02,-118.2,1115,0.01931219842753434,0.46,Not Significant
34.21,-118.38,411,0.01846301635567747,0.34,Not Significant
34.04,-118.41,299,0.017274161455077534,0.35,Not Significant
34.19,-118.62,719,0.016934488626334763,0.39,Not Significant
33.78,-118.28,534,0.01674342266016679,0.4,Not Significant
34.26,-118.42,752,0.015264430551682482,0.44,Not Significant
34.06,-118.2,869,0.015030905481921823,0.43,Not Significant
34.19,-118.36,235,0.014991984636961843,0.41,Not Significant
34.03,-118.19,262,0.014291409427679865,0.42,Not Significant
34.21,-118.58,938,0.013941121823038777,0.46,Not Significant
34.16,-118.41,1024,0.008867258943693196,0.49,Not Significant
34.16,-118.42,496,0.007947311699181387,0.39,Not Significant
34.22,-118.53,689,0.007791628319341078,0.41,Not Significant
34.23,-118.57,240,0.007508567628721923,0.32,Not Significant
34.21,-118.39,1067,0.007402419869739913,0.48,Not Significant
34.24,-118.55,568,0.007402419869739814,0.39,Not Significant
34.08,-118.22,1548,0.00677968635037799,0.44,Not Significant
34.1,-118.27,535,0.006574467349679285,0.42,Not Significant
33.96,-118.37,28,0.006468319590697176,0.33,Not Significant
33.75,-118.28,570,0.005394104269798063,0.39,Not Significant
34.15,-118.4,513,0.004706266791594008,0.41,Not Significant
33.96,-118.38,1105,0.0019379332373400642,0.5,Not Significant
34.05,-118.19,226,0.00042261500689295105,0.39,Not Significant
34.17,-118.47,1155,-0.001082324331564677,0.48,Not Significant
34.21,-118.56,465,-0.0040403085485331966,0.4,Not Significant
33.79,-118.28,1241,-0.004663042067895119,0.49,Not Significant
34.17,-118.54,1711,-0.005314081656318604,0.37,Not Significant
34.15,-118.43,1083,-0.0059934273138042395,0.46,Not Significant
34.08,-118.2,452,-0.0067647676957411544,0.41,Not Significant
34.24,-118.43,509,-0.009559992015603754,0.41,Not Significant
34.07,-118.2,758,-0.011088519744946262,0.46,Not Significant
34.14,-118.38,400,-0.0117678654024318,0.41,Not Significant
34.18,-118.52,384,-0.017117712455131023,0.46,Not Significant
34.08,-118.23,137,-0.018391485562916626,0.41,Not Significant
33.72,-118.29,948,-0.021040933627110438,0.48,Not Significant
34.17,-118.42,281,-0.02108763864106263,0.42,Not Significant
34.2,-118.52,801,-0.023316741579687213,0.48,Not Significant
34.06,-118.42,2326,-0.023401659786872687,0.29,Not Significant
34.18,-118.58,339,-0.02552461496651546,0.43,Not Significant
34.22,-118.39,1117,-0.026925765385079514,0.46,Not Significant
34.26,-118.43,903,-0.027987242974900604,0.5,Not Significant
33.94,-118.31,392,-0.028326915803643472,0.45,Not Significant
34.2,-118.49,304,-0.03189348050544299,0.42,Not Significant
34.2,-118.57,829,-0.03588463624317074,0.45,Not Significant
34.01,-118.42,565,-0.03639414548628494,0.47,Not Significant
34.04,-118.4,216,-0.03749808217969921,0.41,Not Significant
34.02,-118.43,523,-0.037667918594070544,0.46,Not Significant
34.25,-118.44,605,-0.03809250962999898,0.47,Not Significant
34.23,-118.43,509,-0.03919644632341325,0.46,Not Significant
33.99,-118.42,980,-0.03984748591183673,0.44,Not Significant
33.95,-118.37,584,-0.04082050703583965,0.5,Not Significant
34.12,-118.31,141,-0.04131940150305573,0.43,Not Significant
34.22,-118.58,590,-0.042961153508645954,0.48,Not Significant
34.22,-118.38,352,-0.044291538754555076,0.46,Not Significant
34.21,-118.42,538,-0.04661971293489656,0.48,Not Significant
34.15,-118.46,1026,-0.04734859421324039,0.39,Not Significant
33.8,-118.26,759,-0.04829330926818125,0.45,Not Significant
34.01,-118.46,105,-0.049577697151864976,0.43,Not Significant
34.01,-118.41,55,-0.052821100898541085,0.45,Not Significant
34.09,-118.25,471,-0.05533798220596171,0.47,Not Significant
34.23,-118.53,692,-0.05837380811285048,0.45,Not Significant
34.12,-118.3,289,-0.05952586512366965,0.5,Not Significant
34.27,-118.42,1280,-0.06047553374069651,0.38,Not Significant
34.17,-118.55,461,-0.060942583880218025,0.46,Not Significant
33.98,-118.45,3,-0.061954525849180916,0.42,Not Significant
33.75,-118.3,503,-0.06416239923600886,0.5,Not Significant
34.24,-118.48,384,-0.06501158130786604,0.49,Not Significant
34.02,-118.37,949,-0.0680780721229052,0.44,Not Significant
34.08,-118.39,163,-0.0680780721229052,0.47,Not Significant
33.97,-118.4,277,-0.06832339138810835,0.48,Not Significant
34.17,-118.52,1838,-0.06849322780247959,0.26,Not Significant
34.16,-118.47,754,-0.070283586670645,0.44,Not Significant
33.95,-118.32,131,-0.07142897153661393,0.47,Not Significant
33.97,-118.39,400,-0.07184042046904947,0.49,Not Significant
34.02,-118.19,254,-0.07479840468601799,0.5,Not Significant
34.25,-118.43,489,-0.07503192975577865,0.46,Not Significant
34.01,-118.45,306,-0.07718036039757697,0.48,Not Significant
33.95,-118.38,1164,-0.07727377042548116,0.31,Not Significant
34.21,-118.52,535,-0.08004210397973491,0.42,Not Significant
34.06,-118.39,435,-0.08114604067314907,0.46,Not Significant
34.07,-118.43,350,-0.08306519215554585,0.46,Not Significant
33.97,-118.38,596,-0.08325201221135432,0.42,Not Significant
34.2,-118.62,241,-0.08394834151027729,0.46,Not Significant
34.21,-118.37,815,-0.08709031517614797,0.37,Not Significant
34.21,-118.41,494,-0.0875149062120766,0.43,Not Significant
34.1,-118.26,497,-0.08785457904081936,0.39,Not Significant
34.0,-118.35,98,-0.08987374530056827,0.5,Not Significant
34.12,-118.2,784,-0.09028890098014286,0.37,Not Significant
34.15,-118.41,921,-0.09048704346357606,0.34,Not Significant
34.24,-118.56,2614,-0.09200141815838793,0.2,Not Significant
33.96,-118.41,265,-0.09218540760729009,0.49,Not Significant
34.27,-118.41,701,-0.09277983505758997,0.39,Not Significant
34.01,-118.21,59,-0.09293551843743046,0.45,Not Significant
34.15,-118.42,890,-0.09340256857695178,0.34,Not Significant
34.22,-118.56,458,-0.0948815606854362,0.43,Not Significant
34.09,-118.21,854,-0.09702574541687511,0.33,Not Significant
34.2,-118.51,625,-0.09923361880370316,0.37,Not Significant
34.19,-118.56,898,-0.10056400404961267,0.33,Not Significant
34.21,-118.61,602,-0.10071968742945298,0.39,Not Significant
34.23,-118.6,700,-0.1014414921905313,0.37,Not Significant
34.25,-118.45,710,-0.10254542888394547,0.38,Not Significant
33.77,-118.27,712,-0.1032247745414311,0.42,Not Significant
34.22,-118.4,699,-0.10322477454143121,0.37,Not Significant
34.17,-118.51,1064,-0.10509297509951648,0.3,Not Significant
34.11,-118.36,324,-0.10539018882466637,0.41,Not Significant
34.12,-118.29,148,-0.10554587220450697,0.48,Not Significant
34.26,-118.45,285,-0.1063242891037092,0.45,Not Significant
34.01,-118.43,683,-0.10636674820730199,0.37,Not Significant
34.11,-118.27,840,-0.1073857666935303,0.33,Not Significant
34.21,-118.57,675,-0.1078952759366446,0.36,Not Significant
34.18,-118.51,214,-0.10800566960598601,0.42,Not Significant
34.24,-118.58,302,-0.10834817304163498,0.44,Not Significant
34.18,-118.56,253,-0.10874445800850156,0.41,Not Significant
34.23,-118.59,845,-0.10882937621568733,0.35,Not Significant
33.8,-118.28,181,-0.10928227332067772,0.46,Not Significant
34.11,-118.19,1127,-0.11021637359972046,0.28,Not Significant
34.05,-118.41,112,-0.11078249498095838,0.44,Not Significant
34.18,-118.48,227,-0.11156562955833768,0.47,Not Significant
33.77,-118.26,371,-0.11188643167437244,0.45,Not Significant
34.27,-118.43,1016,-0.11286299105700806,0.34,Not Significant
34.11,-118.21,408,-0.11630217844802893,0.36,Not Significant
34.26,-118.41,435,-0.11732119693425734,0.39,Not Significant
34.22,-118.57,676,-0.1176608697630002,0.35,Not Significant
34.14,-118.39,646,-0.11776701752198242,0.32,Not Significant
34.23,-118.58,487,-0.11807838428166323,0.38,Not Significant
34.22,-118.37,1153,-0.11952907032108558,0.28,Not Significant
34.2,-118.36,67,-0.1196611653100411,0.48,Not Significant
34.19,-118.49,561,-0.11968192309401977,0.34,Not Significant
33.98,-118.44,708,-0.1197909014599082,0.35,Not Significant
33.98,-118.43,278,-0.12292579860851356,0.4,Not Significant
33.78,-118.25,808,-0.1234494608861588,0.36,Not Significant
34.25,-118.47,615,-0.12581301765282743,0.35,Not Significant
34.09,-118.2,307,-0.12671881186280812,0.34,Not Significant
33.98,-118.35,110,-0.12787531697019427,0.46,Not Significant
34.09,-118.22,813,-0.1285870124208937,0.28,Not Significant
33.71,-118.29,723,-0.1287426958007341,0.35,Not Significant
33.74,-118.31,415,-0.1298041733905553,0.4,Not Significant
33.98,-118.42,855,-0.13084442142858013,0.31,Not Significant
34.01,-118.44,391,-0.13100010480842053,0.34,Not Significant
34.25,-118.42,1141,-0.13252155602049784,0.27,Not Significant
34.14,-118.36,832,-0.13294614705642638,0.29,Not Significant
34.19,-118.57,472,-0.1331159834707977,0.35,Not Significant
34.11,-118.26,590,-0.13515402044325442,0.33,Not Significant
34.0,-118.42,622,-0.13532385685762574,0.3,Not Significant
34.17,-118.48,62,-0.13546821780984153,0.42,Not Significant
34.28,-118.42,681,-0.13863566693786816,0.36,Not Significant
33.72,-118.28,207,-0.14107281948409767,0.4,Not Significant
34.23,-118.49,508,-0.1413530495678105,0.35,Not Significant
34.12,-118.19,785,-0.14213146646701275,0.27,Not Significant
33.72,-118.3,743,-0.14228714984685326,0.35,Not Significant
34.24,-118.57,284,-0.14262682267559593,0.37,Not Significant
34.22,-118.41,353,-0.14262682267559612,0.36,Not Significant
33.98,-118.38,394,-0.14310448759101566,0.37,Not Significant
34.1,-118.2,486,-0.14314340843597573,0.29,Not Significant
33.76,-118.29,647,-0.14339108654026722,0.34,Not Significant
34.2,-118.5,517,-0.14687980955214658,0.31,Not Significant
34.11,-118.2,1257,-0.14711333462190734,0.23,Not Significant
34.22,-118.52,823,-0.14772191510673804,0.28,Not Significant
34.22,-118.49,222,-0.14814650614266658,0.36,Not Significant
34.21,-118.51,562,-0.1500996249079377,0.32,Not Significant
33.94,-118.38,47,-0.15186167770704098,0.43,Not Significant
34.06,-118.19,386,-0.1529868439522514,0.32,Not Significant
34.11,-118.22,118,-0.1530293030558444,0.34,Not Significant
34.12,-118.35,164,-0.1540058624384799,0.33,Not Significant
34.25,-118.48,326,-0.1574195743673451,0.35,Not Significant
34.21,-118.49,370,-0.15799701817620784,0.32,Not Significant
34.22,-118.42,336,-0.1583225379704197,0.34,Not Significant
34.11,-118.23,374,-0.16003505514866445,0.32,Not Significant
34.26,-118.44,606,-0.16026858021842533,0.32,Not Significant
34.1,-118.19,194,-0.16089131373778714,0.31,Not Significant
34.19,-118.51,498,-0.1669134299307064,0.29,Not Significant
34.11,-118.18,623,-0.17056491283969147,0.27,Not Significant
34.07,-118.19,392,-0.17141409491154855,0.29,Not Significant
34.19,-118.63,1361,-0.17226327698340552,0.21,Not Significant
33.79,-118.25,815,-0.17350166750486354,0.27,Not Significant
33.8,-118.29,186,-0.17456550393377337,0.41,Not Significant
34.28,-118.41,1140,-0.17659410554987623,0.19,Not Significant
34.23,-118.39,461,-0.17684886017143334,0.3,Not Significant
34.25,-118.55,152,-0.1769337783786189,0.35,Not Significant
33.97,-118.37,326,-0.17757538261068864,0.34,Not Significant
34.09,-118.19,569,-0.17778296045047598,0.24,Not Significant
34.17,-118.58,746,-0.17879490241943896,0.25,Not Significant
34.27,-118.4,468,-0.17965116100856135,0.29,Not Significant
34.11,-118.25,728,-0.1797290026984815,0.23,Not Significant
33.98,-118.39,346,-0.18021162117598696,0.32,Not Significant
34.24,-118.53,356,-0.1813636781868062,0.31,Not Significant
34.22,-118.61,358,-0.1820642533960884,0.3,Not Significant
34.09,-118.38,247,-0.18228362543131812,0.28,Not Significant
34.06,-118.41,103,-0.18362108719449285,0.38,Not Significant
34.16,-118.52,606,-0.1862747811690459,0.25,Not Significant
34.14,-118.44,134,-0.18696827986106254,0.28,Not Significant
34.09,-118.23,1003,-0.18729379965527448,0.22,Not Significant
34.16,-118.53,398,-0.18751317169050422,0.27,Not Significant
34.02,-118.45,123,-0.18843170363156272,0.34,Not Significant
34.23,-118.4,835,-0.18873740917743131,0.24,Not Significant
34.15,-118.47,543,-0.190548997597393,0.24,Not Significant
34.1,-118.24,457,-0.1908603643570738,0.26,Not Significant
34.1,-118.22,229,-0.19093820604699405,0.27,Not Significant
34.24,-118.6,426,-0.19120003718581666,0.28,Not Significant
34.06,-118.4,313,-0.1916777021012362,0.37,Not Significant
34.22,-118.51,451,-0.19315315595108762,0.28,Not Significant
34.12,-118.21,474,-0.19349282877983048,0.25,Not Significant
34.1,-118.23,663,-0.1937475834013876,0.25,Not Significant
34.24,-118.59,451,-0.19841808479660117,0.28,Not Significant
34.17,-118.5,375,-0.19892759403971516,0.26,Not Significant
34.26,-118.47,1045,-0.20269230122494808,0.19,Not Significant
33.99,-118.41,831,-0.20328389806834174,0.23,Not Significant
33.98,-118.4,395,-0.2035641281520545,0.29,Not Significant
34.08,-118.19,438,-0.20471618516287396,0.22,Not Significant
34.24,-118.42,508,-0.20549460206207618,0.28,Not Significant
34.26,-118.46,398,-0.20682498730798551,0.27,Not Significant
34.25,-118.41,687,-0.20776757940774676,0.25,Not Significant
34.1,-118.25,534,-0.20790769444960314,0.22,Not Significant
34.26,-118.48,532,-0.20843843324451367,0.24,Not Significant
34.23,-118.38,203,-0.2091177789019993,0.28,Not Significant
34.25,-118.59,831,-0.20944895991002357,0.24,Not Significant
33.91,-118.29,505,-0.21034302731996435,0.34,Not Significant
33.79,-118.29,968,-0.2114954887031989,0.2,Not Significant
34.18,-118.63,128,-0.2120644406913432,0.28,Not Significant
34.1,-118.18,399,-0.21234467077505606,0.25,Not Significant
34.12,-118.28,130,-0.21684533575589812,0.27,Not Significant
33.99,-118.4,107,-0.21713193470514988,0.33,Not Significant
34.1,-118.21,563,-0.21752468141338366,0.23,Not Significant
34.14,-118.4,690,-0.2179492724493122,0.23,Not Significant
34.09,-118.24,236,-0.21845878169242638,0.24,Not Significant
34.14,-118.41,559,-0.21854369989961206,0.24,Not Significant
34.24,-118.41,451,-0.21905320914272625,0.23,Not Significant
34.26,-118.49,389,-0.2197325548002119,0.24,Not Significant
34.26,-118.51,331,-0.219987309421769,0.26,Not Significant
34.05,-118.4,379,-0.22007222762895468,0.25,Not Significant
34.06,-118.47,594,-0.2204402065267595,0.24,Not Significant
34.25,-118.6,520,-0.2229934139561428,0.25,Not Significant
34.17,-118.56,488,-0.22549991637157413,0.21,Not Significant
33.95,-118.42,18,-0.22620049158085612,0.29,Not Significant
33.77,-118.28,279,-0.2272124335498191,0.25,Not Significant
34.11,-118.24,665,-0.22737519344692492,0.22,Not Significant
34.12,-118.25,264,-0.22754502986129627,0.25,Not Significant
34.22,-118.5,630,-0.2283800588986224,0.22,Not Significant
34.01,-118.2,66,-0.22993689269702686,0.44,Not Significant
34.23,-118.42,342,-0.23017041776678762,0.24,Not Significant
33.97,-118.41,267,-0.23043224890561004,0.26,Not Significant
33.98,-118.41,806,-0.23280995870680962,0.19,Not Significant
34.16,-118.51,366,-0.23382897719303813,0.23,Not Significant
34.19,-118.5,662,-0.234423404643338,0.2,Not Significant
34.12,-118.24,657,-0.23485648749998506,0.21,Not Significant
34.13,-118.21,280,-0.2356037677232193,0.24,Not Significant
34.08,-118.18,585,-0.23578209595830926,0.22,Not Significant
34.25,-118.56,155,-0.23586701416549494,0.26,Not Significant
34.07,-118.44,141,-0.23756537830920899,0.25,Not Significant
34.31,-118.45,276,-0.2380324284487303,0.23,Not Significant
33.91,-118.28,200,-0.23861624112313204,0.31,Not Significant
33.79,-118.3,1489,-0.2387542332098087,0.15,Not Significant
34.26,-118.52,630,-0.2390939060385515,0.2,Not Significant
34.24,-118.49,521,-0.23951849707448,0.2,Not Significant
34.21,-118.5,380,-0.23990062900681577,0.23,Not Significant
34.25,-118.53,197,-0.23994308811040865,0.23,Not Significant
33.79,-118.31,294,-0.24083472928585842,0.28,Not Significant
34.13,-118.37,161,-0.24096210659663694,0.24,Not Significant
33.77,-118.25,44,-0.24102154934166686,0.28,Not Significant
33.94,-118.41,798,-0.24223587970442245,0.19,Not Significant
33.99,-118.35,366,-0.24298315992765662,0.24,Not Significant
34.18,-118.57,183,-0.2431699799834651,0.25,Not Significant
34.12,-118.18,952,-0.24452867129843628,0.19,Not Significant
34.07,-118.42,15,-0.2446878929369096,0.35,Not Significant
34.23,-118.52,169,-0.24478342591999339,0.25,Not Significant
34.25,-118.57,177,-0.2467195610438274,0.25,Not Significant
33.76,-118.28,56,-0.24690638109963595,0.27,Not Significant
33.73,-118.31,319,-0.2476847979988382,0.21,Not Significant
34.31,-118.46,408,-0.2483075315182,0.21,Not Significant
34.23,-118.51,536,-0.2514919642876638,0.2,Not Significant
33.98,-118.36,71,-0.2518437682888615,0.34,Not Significant
34.11,-118.17,16,-0.2525109827738923,0.31,Not Significant
33.96,-118.42,836,-0.2525888244638124,0.17,Not Significant
34.0,-118.41,523,-0.2527445078436528,0.25,Not Significant
34.27,-118.44,349,-0.2543013416420575,0.19,Not Significant
34.25,-118.49,300,-0.25783535436443566,0.24,Not Significant
33.71,-118.3,107,-0.2581155844481484,0.29,Not Significant
33.98,-118.37,1547,-0.26038411369725195,0.09,Not Significant
33.78,-118.29,24,-0.2615123127355764,0.25,Not Significant
33.97,-118.43,514,-0.2622765766002477,0.19,Not Significant
34.3,-118.44,365,-0.2623614948074334,0.19,Not Significant
34.14,-118.46,138,-0.2627011676361763,0.24,Not Significant
34.09,-118.18,562,-0.2651637956445616,0.2,Not Significant
34.28,-118.4,534,-0.2657752067362985,0.18,Not Significant
34.26,-118.5,1092,-0.26644464526961253,0.14,Not Significant
34.17,-118.62,712,-0.2668621597882755,0.19,Not Significant
34.12,-118.22,595,-0.26769011230833617,0.18,Not Significant
34.25,-118.4,224,-0.2683906875176182,0.23,Not Significant
34.12,-118.26,630,-0.2696050178803737,0.17,Not Significant
34.14,-118.45,132,-0.27072593821522495,0.18,Not Significant
34.27,-118.51,541,-0.27076839731881774,0.18,Not Significant
33.8,-118.25,33,-0.27084270075010525,0.28,Not Significant
34.31,-118.44,1090,-0.27158219680434736,0.13,Not Significant
34.21,-118.36,349,-0.2720421704266033,0.19,Not Significant
33.71,-118.28,12,-0.2730611889128316,0.33,Not Significant
34.12,-118.23,891,-0.2759484079571454,0.13,Not Significant
33.8,-118.3,587,-0.27689100005690676,0.19,Not Significant
33.97,-118.42,394,-0.2772646401685238,0.17,Not Significant
34.23,-118.37,889,-0.27807136313678793,0.14,Not Significant
34.23,-118.41,146,-0.27892054520864495,0.19,Not Significant
34.24,-118.5,309,-0.2797555742459711,0.2,Not Significant
34.24,-118.4,355,-0.2802792365236162,0.18,Not Significant
34.12,-118.27,463,-0.2813831732170303,0.19,Not Significant
34.13,-118.36,349,-0.2815459331141362,0.18,Not Significant
34.07,-118.45,576,-0.28189268246014454,0.19,Not Significant
34.26,-118.59,494,-0.28401563763978693,0.16,Not Significant
34.3,-118.43,228,-0.2851110825124825,0.19,Not Significant
34.29,-118.42,250,-0.285119574333201,0.19,Not Significant
34.27,-118.5,520,-0.2860607511295093,0.16,Not Significant
34.28,-118.43,264,-0.2865122329310466,0.18,Not Significant
34.31,-118.43,925,-0.2869877748912865,0.14,Not Significant
34.23,-118.61,375,-0.28862952689687676,0.17,Not Significant
34.04,-118.48,11,-0.2887852102767171,0.35,Not Significant
34.29,-118.41,259,-0.2904354541030259,0.18,Not Significant
34.13,-118.22,420,-0.29072417600745737,0.19,Not Significant
34.25,-118.51,356,-0.2909959142704515,0.18,Not Significant
34.14,-118.42,180,-0.2911983026642442,0.18,Not Significant
34.17,-118.49,11,-0.2919300145494943,0.2,Not Significant
34.13,-118.23,347,-0.2941303396512393,0.2,Not Significant
34.25,-118.54,560,-0.29575982569356934,0.14,Not Significant
34.25,-118.5,285,-0.29692320513201337,0.17,Not Significant
34.07,-118.18,415,-0.29753461622375044,0.15,Not Significant
34.3,-118.45,685,-0.30015009700507006,0.14,Not Significant
34.16,-118.48,667,-0.30397141632842656,0.14,Not Significant
34.14,-118.43,169,-0.30524518943621204,0.19,Not Significant
34.26,-118.4,694,-0.30813240848052587,0.14,Not Significant
34.08,-118.16,144,-0.30855699951645427,0.32,Not Significant
34.18,-118.5,192,-0.31061202013034833,0.17,Not Significant
33.74,-118.27,17,-0.31104793359390165,0.22,Not Significant
34.16,-118.61,252,-0.3122934006326252,0.17,Not Significant
34.17,-118.63,224,-0.3125481552541823,0.18,Not Significant
34.27,-118.49,308,-0.31339733732603925,0.16,Not Significant
34.08,-118.17,629,-0.3142465193978963,0.13,Not Significant
34.2,-118.63,287,-0.3144163558122677,0.17,Not Significant
34.22,-118.36,418,-0.3154849099193545,0.13,Not Significant
34.16,-118.6,321,-0.3174734112709529,0.15,Not Significant
34.27,-118.45,357,-0.31813152737664213,0.15,Not Significant
34.23,-118.5,590,-0.31890994427584435,0.09,Not Significant
33.96,-118.44,621,-0.32087013955838095,0.13,Not Significant
34.25,-118.52,657,-0.3215409933951479,0.12,Not Significant
34.32,-118.44,410,-0.3224835854949092,0.16,Not Significant
34.13,-118.2,302,-0.3228798704617759,0.14,Not Significant
34.13,-118.38,159,-0.3237573586026947,0.15,Not Significant
34.24,-118.52,339,-0.32452162246736604,0.15,Not Significant
34.14,-118.21,517,-0.3245534667950607,0.21,Not Significant
34.32,-118.43,525,-0.3258378546787444,0.13,Not Significant
33.8,-118.31,205,-0.3260713797485051,0.21,Not Significant
34.26,-118.6,842,-0.3261350684038943,0.11,Not Significant
33.83,-118.3,462,-0.3265717906122779,0.17,Not Significant
33.78,-118.3,265,-0.3267294958541942,0.16,Not Significant
33.96,-118.43,933,-0.32740884151167987,0.08,Not Significant
34.27,-118.52,342,-0.3277485143404227,0.15,Not Significant
34.27,-118.48,359,-0.32825802358353684,0.15,Not Significant
34.06,-118.18,231,-0.3283806832161384,0.2,Not Significant
33.83,-118.31,362,-0.3297744201404243,0.18,Not Significant
34.27,-118.46,311,-0.33055081517755075,0.15,Not Significant
34.16,-118.5,407,-0.33222087325220284,0.12,Not Significant
34.29,-118.4,138,-0.3322208732522029,0.19,Not Significant
34.16,-118.54,119,-0.3332681978074931,0.15,Not Significant
34.13,-118.24,21,-0.3335108212565951,0.27,Not Significant
34.14,-118.35,1,-0.33564590760869273,0.2,Not Significant
33.97,-118.44,11,-0.33665784957765577,0.15,Not Significant
34.16,-118.59,284,-0.3370045989236639,0.13,Not Significant
33.89,-118.29,576,-0.337380665269772,0.14,Not Significant
34.25,-118.58,589,-0.3379386992027067,0.12,Not Significant
34.3,-118.46,597,-0.33861804486019226,0.13,Not Significant
34.09,-118.17,759,-0.338702963067378,0.09,Not Significant
34.26,-118.56,117,-0.339537992104704,0.15,Not Significant
34.26,-118.53,718,-0.34093914252326807,0.08,Not Significant
33.93,-118.4,50,-0.34109482590310847,0.26,Not Significant
33.93,-118.41,53,-0.34171755942247023,0.25,Not Significant
33.9,-118.29,503,-0.3429852669440283,0.14,Not Significant
34.0,-118.4,163,-0.3435857599805556,0.23,Not Significant
34.27,-118.47,460,-0.344364176879758,0.09,Not Significant
33.82,-118.3,655,-0.3445198602595983,0.13,Not Significant
33.82,-118.31,442,-0.3445198602595983,0.15,Not Significant
33.75,-118.31,437,-0.345505854998588,0.13,Not Significant
34.15,-118.35,247,-0.3462323774378434,0.17,Not Significant
34.28,-118.44,97,-0.34660035633564806,0.15,Not Significant
33.73,-118.27,15,-0.3476854223163543,0.17,Not Significant
34.17,-118.35,14,-0.3489101315710992,0.29,Not Significant
34.24,-118.51,202,-0.3511010213164902,0.14,Not Significant
33.81,-118.31,175,-0.3515256123524186,0.18,Not Significant
34.32,-118.45,332,-0.35273994271517417,0.13,Not Significant
33.84,-118.3,298,-0.35316028784074344,0.17,Not Significant
34.3,-118.42,410,-0.35507519341278093,0.13,Not Significant
33.97,-118.46,423,-0.3555288992626016,0.14,Not Significant
34.13,-118.19,406,-0.357130214026675,0.07,Not Significant
34.14,-118.22,834,-0.358531364445239,0.09,Not Significant
33.72,-118.31,261,-0.3590918246126646,0.09,Not Significant
34.1,-118.37,556,-0.3596777602422459,0.08,Not Significant
34.17,-118.57,618,-0.36044202410691717,0.09,Not Significant
34.26,-118.58,378,-0.36164503204204795,0.09,Not Significant
33.81,-118.3,199,-0.3619174779567688,0.17,Not Significant
34.01,-118.37,12,-0.362734815700931,0.25,Not Significant
34.26,-118.54,276,-0.36579187115961637,0.11,Not Significant
34.05,-118.48,448,-0.36731190706824035,0.12,Not Significant
34.09,-118.16,424,-0.3678723672356659,0.16,Not Significant
34.31,-118.42,240,-0.367872367235666,0.09,Not Significant
33.94,-118.37,186,-0.36967384634524825,0.14,Not Significant
33.97,-118.45,14,-0.37459788924477344,0.13,Not Significant
33.89,-118.28,144,-0.3780807488566327,0.15,Not Significant
34.12,-118.17,264,-0.3811832962120245,0.15,Not Significant
34.28,-118.39,481,-0.38141682128178517,0.08,Not Significant
34.1,-118.17,77,-0.3814168212817852,0.09,Not Significant
34.16,-118.35,49,-0.38501977950094984,0.19,Not Significant
33.84,-118.31,394,-0.385286665294962,0.1,Not Significant
34.25,-118.61,438,-0.3861722408841844,0.09,Not Significant
33.76,-118.3,333,-0.38625715909137015,0.08,Not Significant
34.29,-118.46,306,-0.38685158654167,0.1,Not Significant
34.15,-118.23,3,-0.3879555232350841,0.33,Not Significant
34.19,-118.64,355,-0.38974588210324934,0.04,Cold Spot
34.07,-118.17,456,-0.39003130163295685,0.08,Not Significant
34.26,-118.29,438,-0.39041815124346946,0.09,Not Significant
33.9,-118.28,160,-0.3908912669692183,0.13,Not Significant
34.26,-118.3,519,-0.3921589744907763,0.04,Cold Spot
33.71,-118.31,30,-0.3922256959392793,0.16,Not Significant
34.16,-118.55,84,-0.39753005109527184,0.04,Cold Spot
34.23,-118.36,289,-0.39753005109527184,0.04,Cold Spot
34.13,-118.18,22,-0.39804380624874525,0.09,Not Significant
34.13,-118.26,142,-0.3988978407895843,0.15,Not Significant
34.06,-118.17,38,-0.39903128368659035,0.18,Not Significant
34.14,-118.2,379,-0.3990713165556923,0.07,Not Significant
34.25,-118.3,195,-0.3994194812051537,0.1,Not Significant
34.33,-118.44,43,-0.39974853925799825,0.16,Not Significant
34.08,-118.42,4,-0.39989124902285195,0.16,Not Significant
33.88,-118.29,601,-0.400682639537041,0.07,Not Significant
34.16,-118.49,731,-0.4007781725201249,0.04,Cold Spot
33.77,-118.3,111,-0.40205194562791036,0.08,Not Significant
34.15,-118.48,126,-0.40332571873569584,0.09,Not Significant
34.28,-118.46,275,-0.4039201461859958,0.09,Not Significant
34.16,-118.62,250,-0.40430227811833136,0.08,Not Significant
34.29,-118.45,498,-0.40612801957282396,0.06,Not Significant
33.78,-118.31,83,-0.40663752881593823,0.13,Not Significant
34.14,-118.34,388,-0.40675429135081853,0.09,Not Significant
33.96,-118.45,543,-0.4068451066557255,0.06,Not Significant
34.25,-118.31,105,-0.4092530095972577,0.1,Not Significant
34.11,-118.37,197,-0.4094398296530663,0.07,Not Significant
34.32,-118.46,418,-0.41002364232746796,0.11,Not Significant
34.07,-118.46,265,-0.4100936998483961,0.09,Not Significant
34.3,-118.41,253,-0.4105815077718962,0.09,Not Significant
33.85,-118.29,221,-0.41119126767627134,0.11,Not Significant
34.28,-118.45,277,-0.4113080302111517,0.04,Cold Spot
34.16,-118.58,184,-0.4120864471103539,0.03,Cold Spot
34.28,-118.51,701,-0.4122421304901943,0.04,Cold Spot
34.1,-118.38,361,-0.41232704869738,0.06,Not Significant
34.24,-118.39,561,-0.41278702231963593,0.03,Cold Spot
33.95,-118.43,12,-0.41419524925546547,0.08,Not Significant
34.18,-118.64,199,-0.41461984029139404,0.06,Not Significant
33.88,-118.28,242,-0.4146441026363042,0.1,Not Significant
34.08,-118.44,75,-0.4149665896374023,0.05,Not Significant
33.76,-118.31,237,-0.41566716484668437,0.08,Not Significant
33.85,-118.3,575,-0.4178467321644507,0.05,Not Significant
34.13,-118.35,459,-0.4182713232003791,0.05,Not Significant
34.29,-118.44,4,-0.4196300145153503,0.1,Not Significant
34.28,-118.5,325,-0.41994845779229667,0.03,Cold Spot
34.01,-118.19,8,-0.42120949316900436,0.2,Not Significant
33.87,-118.3,84,-0.4215831332806214,0.08,Not Significant
34.33,-118.43,111,-0.42216694595502313,0.12,Not Significant
34.0,-118.36,171,-0.42238379066265797,0.11,Not Significant
34.31,-118.47,420,-0.42268706997403555,0.05,Not Significant
34.27,-118.53,246,-0.42306212538910576,0.03,Cold Spot
33.77,-118.29,5,-0.4233664156315211,0.08,Not Significant
34.24,-118.61,283,-0.4237627005983877,0.02,Cold Spot
34.14,-118.23,160,-0.4239183839782281,0.18,Not Significant
34.27,-118.39,228,-0.42438543411774954,0.03,Cold Spot
34.25,-118.29,900,-0.4247590742293666,0.02,Cold Spot
34.21,-118.62,267,-0.42616871646864923,0.06,Not Significant
33.75,-118.32,17,-0.4262536346758349,0.13,Not Significant
34.06,-118.48,223,-0.4268480621261349,0.06,Not Significant
34.12,-118.36,144,-0.42687636819519675,0.04,Cold Spot
34.26,-118.32,678,-0.4276028906344522,0.04,Cold Spot
34.13,-118.39,95,-0.4284332019936013,0.04,Cold Spot
34.15,-118.49,120,-0.4295654447560773,0.06,Not Significant
34.3,-118.47,426,-0.4301457191718462,0.03,Cold Spot
34.25,-118.28,594,-0.4341934870476979,0.03,Cold Spot
33.85,-118.31,167,-0.4344270121174586,0.09,Not Significant
34.26,-118.31,635,-0.43582816253602263,0.02,Cold Spot
34.26,-118.55,167,-0.43590600422594294,0.03,Cold Spot
34.29,-118.39,38,-0.4362618519512924,0.13,Not Significant
34.26,-118.61,252,-0.437547756231533,0.06,Not Significant
34.29,-118.47,21,-0.4397202470320339,0.03,Cold Spot
33.79,-118.24,303,-0.4410954502206245,0.07,Not Significant
33.86,-118.31,114,-0.44131600167539853,0.09,Not Significant
34.13,-118.17,7,-0.44151060590019897,0.18,Not Significant
34.1,-118.16,112,-0.44250697953117796,0.16,Not Significant
34.2,-118.64,91,-0.44267823124900246,0.02,Cold Spot
34.07,-118.16,114,-0.4438147199218378,0.19,Not Significant
34.14,-118.47,115,-0.4487498830627801,0.02,Cold Spot
34.25,-118.39,42,-0.4498608962734596,0.06,Not Significant
34.09,-118.39,84,-0.45062516013813086,0.05,Not Significant
33.73,-118.32,136,-0.4506440308508389,0.07,Not Significant
34.28,-118.47,309,-0.4510851337603868,0.02,Cold Spot
34.26,-118.28,83,-0.45206876966028775,0.06,Not Significant
34.32,-118.42,305,-0.4526631971105877,0.03,Cold Spot
34.28,-118.52,115,-0.45308778814651623,0.05,Not Significant
34.13,-118.4,168,-0.45359729738963045,0.05,Not Significant
34.32,-118.47,203,-0.45759788848371236,0.06,Not Significant
34.16,-118.63,374,-0.4582206220030742,0.05,Not Significant
34.24,-118.38,59,-0.4588622262351439,0.06,Not Significant
34.27,-118.32,249,-0.45894714444232954,0.08,Not Significant
33.86,-118.29,376,-0.46143807851977675,0.04,Cold Spot
33.86,-118.28,10,-0.4615937618996171,0.12,Not Significant
34.27,-118.31,204,-0.4626835455585004,0.03,Cold Spot
33.95,-118.44,249,-0.46305718567011744,0.03,Cold Spot
34.13,-118.41,30,-0.4631930548016146,0.05,Not Significant
33.78,-118.24,241,-0.4645517461165857,0.04,Cold Spot
34.04,-118.49,3,-0.4647074294964262,0.16,Not Significant
33.74,-118.26,41,-0.4663031841397908,0.08,Not Significant
33.74,-118.32,161,-0.46793785962811557,0.06,Not Significant
34.24,-118.37,307,-0.4687127382686851,0.03,Cold Spot
33.87,-118.28,94,-0.4693556904088053,0.08,Not Significant
33.87,-118.29,335,-0.46978270767922486,0.02,Cold Spot
34.27,-118.54,156,-0.47185471193455597,0.04,Cold Spot
34.29,-118.51,233,-0.47244913938485583,0.03,Cold Spot
33.86,-118.3,507,-0.47244913938485583,0.02,Cold Spot
34.05,-118.49,172,-0.4726472818682892,0.05,Not Significant
34.13,-118.27,343,-0.47285485970807645,0.04,Cold Spot
34.26,-118.39,50,-0.47412627397677354,0.02,Cold Spot
34.15,-118.2,12,-0.47415963470102496,0.08,Not Significant
34.13,-118.34,382,-0.47534579378552366,0.03,Cold Spot
34.26,-118.57,104,-0.47584586767228393,0.04,Cold Spot
34.28,-118.49,258,-0.47703472257288365,0.02,Cold Spot
34.07,-118.47,205,-0.4807711236890545,0.03,Cold Spot
34.16,-118.57,132,-0.481195714724983,0.03,Cold Spot
34.29,-118.5,175,-0.48120986775951397,0.02,Cold Spot
34.17,-118.64,191,-0.4814504693465401,0.02,Cold Spot
34.27,-118.59,119,-0.4843376883908539,0.03,Cold Spot
33.94,-118.42,35,-0.48493211584115375,0.03,Cold Spot
34.33,-118.45,32,-0.4853688380495374,0.07,Not Significant
34.22,-118.62,233,-0.48578129791301083,0.01,Cold Spot
33.77,-118.24,35,-0.48603605253456783,0.07,Not Significant
34.28,-118.48,217,-0.4882439259213961,0.01,Cold Spot
34.27,-118.58,346,-0.4897724536507387,0.01,Cold Spot
33.95,-118.45,45,-0.48990589654774475,0.07,Not Significant
33.78,-118.23,132,-0.49003933944475087,0.07,Not Significant
34.27,-118.6,98,-0.49276157454367536,0.02,Cold Spot
33.8,-118.24,94,-0.4948432837369705,0.07,Not Significant
34.16,-118.56,144,-0.49981403165044785,0.01,Cold Spot
34.11,-118.38,134,-0.5003872295489513,0.02,Cold Spot
34.24,-118.29,84,-0.5004721477561369,0.02,Cold Spot
34.14,-118.19,487,-0.5005146068597298,0.01,Cold Spot
34.24,-118.28,43,-0.5019157572782939,0.02,Cold Spot
34.15,-118.62,122,-0.5026941741774961,0.09,Not Significant
34.15,-118.5,176,-0.503316907696858,0.02,Cold Spot
34.27,-118.3,150,-0.5035292032148222,0.01,Cold Spot
34.12,-118.37,100,-0.5053124855657218,0.02,Cold Spot
34.13,-118.33,168,-0.5057370766016505,0.01,Cold Spot
33.76,-118.27,25,-0.505745568422369,0.02,Cold Spot
33.79,-118.23,51,-0.5071700713479091,0.05,Not Significant
34.25,-118.27,259,-0.50752035895255,0.06,Not Significant
34.25,-118.32,85,-0.5079355146321247,0.01,Cold Spot
34.28,-118.53,126,-0.509232876130795,0.01,Cold Spot
34.21,-118.63,168,-0.5094734777178213,0.01,Cold Spot
34.08,-118.45,65,-0.5098556096501569,0.02,Cold Spot
33.72,-118.32,137,-0.5102058972547979,0.04,Cold Spot
34.27,-118.57,71,-0.5104075779968639,0.01,Cold Spot
34.26,-118.33,158,-0.5108831199571038,0.01,Cold Spot
33.87,-118.31,14,-0.5117238102082422,0.12,Not Significant
34.13,-118.45,69,-0.5128135938671254,0.02,Cold Spot
34.16,-118.64,52,-0.5132584035238122,0.07,Not Significant
34.22,-118.35,210,-0.5144742165854236,0.01,Cold Spot
34.29,-118.52,135,-0.5149082429777061,0.01,Cold Spot
34.21,-118.35,381,-0.5182625121615412,0.03,Cold Spot
34.14,-118.48,109,-0.5188144805082482,0.01,Cold Spot
34.04,-118.53,228,-0.5224659634172334,0.01,Cold Spot
34.04,-118.54,271,-0.5226994884869941,0.04,Cold Spot
34.15,-118.51,105,-0.5245040003896901,0.01,Cold Spot
34.13,-118.42,70,-0.5248790558047604,0.01,Cold Spot
34.29,-118.48,2,-0.5249285914256187,0.01,Cold Spot
34.27,-118.56,273,-0.5258909977737233,0.01,Cold Spot
34.15,-118.19,3,-0.5264692503274162,0.05,Not Significant
34.15,-118.52,85,-0.5281554832986753,0.01,Cold Spot
34.13,-118.44,48,-0.5288489819906917,0.01,Cold Spot
34.13,-118.28,127,-0.528911255342628,0.01,Cold Spot
34.28,-118.57,426,-0.5301086020639464,0.01,Cold Spot
33.72,-118.27,43,-0.5315734411378997,0.04,Cold Spot
34.33,-118.42,44,-0.532741066486703,0.03,Cold Spot
34.04,-118.55,253,-0.5336751667657458,0.03,Cold Spot
34.15,-118.63,170,-0.5338308501455862,0.05,Not Significant
34.05,-118.54,172,-0.5341941113652139,0.01,Cold Spot
34.03,-118.53,43,-0.5343423812507763,0.06,Not Significant
34.21,-118.34,107,-0.5350763171843097,0.07,Not Significant
34.31,-118.41,101,-0.5360623119232993,0.01,Cold Spot
34.13,-118.43,53,-0.5363076311885024,0.01,Cold Spot
34.26,-118.27,6,-0.5366109104998799,0.05,Not Significant
34.27,-118.55,170,-0.5373337261919964,0.01,Cold Spot
34.31,-118.48,114,-0.5378361589178451,0.01,Cold Spot
33.93,-118.37,163,-0.5378786180214379,0.13,Not Significant
34.23,-118.62,17,-0.5384390781888635,0.01,Cold Spot
33.77,-118.31,57,-0.5400971061841644,0.04,Cold Spot
34.06,-118.49,50,-0.5408932143765303,0.01,Cold Spot
34.28,-118.55,233,-0.540992285618247,0.01,Cold Spot
34.15,-118.61,111,-0.5411479689980875,0.01,Cold Spot
34.24,-118.27,263,-0.5416817405861117,0.03,Cold Spot
34.22,-118.63,129,-0.5424557093887472,0.01,Cold Spot
34.14,-118.49,116,-0.5431010877633585,0.01,Cold Spot
34.3,-118.51,197,-0.5434407605921012,0.01,Cold Spot
34.22,-118.34,13,-0.546085356187313,0.05,Not Significant
34.14,-118.18,21,-0.5464022830677026,0.03,Cold Spot
34.05,-118.55,61,-0.5465657506165351,0.01,Cold Spot
34.24,-118.36,44,-0.5466747289824234,0.01,Cold Spot
34.19,-118.65,297,-0.5470328007560564,0.01,Cold Spot
34.08,-118.46,93,-0.5472620799154578,0.01,Cold Spot
34.28,-118.56,96,-0.5481537210909078,0.01,Cold Spot
34.24,-118.3,5,-0.5486986129203493,0.01,Cold Spot
34.13,-118.46,44,-0.5499794625454002,0.01,Cold Spot
34.18,-118.65,184,-0.5500219216489931,0.01,Cold Spot
33.73,-118.26,6,-0.5503722092536341,0.04,Cold Spot
34.13,-118.31,2,-0.5514230720675571,0.04,Cold Spot
34.15,-118.53,109,-0.5522722541394142,0.01,Cold Spot
34.07,-118.48,159,-0.5525439924024084,0.01,Cold Spot
34.08,-118.43,71,-0.5541404546974995,0.01,Cold Spot
34.29,-118.49,114,-0.5543952093190566,0.01,Cold Spot
34.28,-118.38,312,-0.5553929982534885,0.02,Cold Spot
34.32,-118.48,242,-0.555678417783196,0.01,Cold Spot
34.04,-118.52,167,-0.5572352515816006,0.01,Cold Spot
34.05,-118.53,246,-0.5576815439371433,0.01,Cold Spot
34.1,-118.39,203,-0.5581174574006965,0.01,Cold Spot
34.27,-118.29,66,-0.5584288241603773,0.01,Cold Spot
34.3,-118.48,142,-0.5599148927861272,0.01,Cold Spot
34.17,-118.65,152,-0.5599467371138218,0.02,Cold Spot
34.15,-118.27,39,-0.5605772548021756,0.08,Not Significant
34.04,-118.56,260,-0.5610309606519962,0.03,Cold Spot
34.15,-118.6,200,-0.5610754416176651,0.01,Cold Spot
34.03,-118.52,228,-0.5616981751370268,0.03,Cold Spot
34.08,-118.47,170,-0.5624765920362291,0.01,Cold Spot
34.05,-118.52,227,-0.5625284864961759,0.01,Cold Spot
33.93,-118.38,306,-0.5633795556393036,0.02,Cold Spot
34.23,-118.35,27,-0.564500475974155,0.01,Cold Spot
34.14,-118.27,301,-0.5650342475621792,0.02,Cold Spot
34.27,-118.61,26,-0.5654345762531976,0.01,Cold Spot
34.28,-118.37,73,-0.5654345762531976,0.02,Cold Spot
34.04,-118.51,85,-0.5657848638578388,0.02,Cold Spot
34.12,-118.38,116,-0.5658591672891262,0.01,Cold Spot
34.04,-118.57,7,-0.5667423166438575,0.08,Not Significant
34.29,-118.56,101,-0.5676141435709641,0.01,Cold Spot
34.31,-118.49,41,-0.5680670406759544,0.01,Cold Spot
34.31,-118.4,15,-0.5685482438500067,0.06,Not Significant
34.28,-118.54,196,-0.5686614681262543,0.01,Cold Spot
34.14,-118.28,31,-0.5688206897647275,0.04,Cold Spot
34.25,-118.38,165,-0.5691709773693685,0.01,Cold Spot
34.19,-118.66,70,-0.5693785552091558,0.01,Cold Spot
34.05,-118.56,188,-0.5709224153925735,0.02,Cold Spot
34.3,-118.5,114,-0.5714283863770551,0.01,Cold Spot
34.15,-118.33,50,-0.5731742642795514,0.02,Cold Spot
34.3,-118.49,60,-0.5733319695214678,0.01,Cold Spot
34.25,-118.62,70,-0.5733744286250606,0.02,Cold Spot
34.21,-118.64,93,-0.5737565605573963,0.01,Cold Spot
34.28,-118.58,193,-0.5739971621444225,0.01,Cold Spot
34.18,-118.66,116,-0.5758264418575478,0.02,Cold Spot
34.2,-118.65,127,-0.5768305996575187,0.01,Cold Spot
33.76,-118.26,6,-0.5773910598249442,0.02,Cold Spot
34.29,-118.58,194,-0.5774080434663814,0.01,Cold Spot
34.15,-118.59,109,-0.5813142809969236,0.01,Cold Spot
34.33,-118.48,13,-0.5818480525849479,0.02,Cold Spot
33.73,-118.33,3,-0.5822483812759662,0.03,Cold Spot
34.27,-118.38,18,-0.5833693016108176,0.01,Cold Spot
34.29,-118.53,65,-0.5844279485937327,0.01,Cold Spot
33.93,-118.42,4,-0.5855696267125626,0.02,Cold Spot
34.14,-118.52,10,-0.5861716024479457,0.01,Cold Spot
34.29,-118.57,80,-0.586579209842437,0.01,Cold Spot
34.32,-118.41,154,-0.5876194578804619,0.02,Cold Spot
34.14,-118.5,120,-0.5877751412603023,0.01,Cold Spot
34.13,-118.32,57,-0.5882032705548635,0.02,Cold Spot
34.33,-118.41,26,-0.5892541333687866,0.02,Cold Spot
34.05,-118.5,61,-0.5901882336478294,0.01,Cold Spot
34.06,-118.54,31,-0.5904996004075102,0.04,Cold Spot
34.15,-118.54,110,-0.5908421038431593,0.01,Cold Spot
34.11,-118.39,60,-0.5908888088571113,0.01,Cold Spot
34.24,-118.62,38,-0.5924385661382504,0.01,Cold Spot
34.32,-118.4,93,-0.5937689513841595,0.02,Cold Spot
34.03,-118.51,72,-0.5940803181438404,0.04,Cold Spot
34.3,-118.57,9,-0.5949754975779231,0.02,Cold Spot
34.13,-118.47,90,-0.5971161440507293,0.01,Cold Spot
34.05,-118.51,97,-0.5972977746605432,0.01,Cold Spot
34.23,-118.63,47,-0.5974742158243623,0.01,Cold Spot
34.24,-118.32,9,-0.5982448485545727,0.02,Cold Spot
34.17,-118.66,24,-0.5985284147107105,0.02,Cold Spot
34.3,-118.52,100,-0.5988753662429264,0.01,Cold Spot
33.72,-118.33,12,-0.5992490063545436,0.05,Not Significant
34.14,-118.6,13,-0.5994625149897532,0.02,Cold Spot
34.29,-118.54,147,-0.5999962865777777,0.01,Cold Spot
34.14,-118.51,91,-0.6022890781717917,0.01,Cold Spot
34.05,-118.57,15,-0.6026117673590973,0.04,Cold Spot
34.29,-118.55,112,-0.6026429040350654,0.01,Cold Spot
34.32,-118.49,203,-0.6027985874149059,0.01,Cold Spot
34.28,-118.59,28,-0.6040129177776613,0.01,Cold Spot
34.2,-118.66,66,-0.6041997378334699,0.02,Cold Spot
34.24,-118.31,1,-0.6050913790089197,0.01,Cold Spot
34.12,-118.39,74,-0.6059900967016351,0.01,Cold Spot
34.28,-118.32,4,-0.6061613484194596,0.03,Cold Spot
34.15,-118.58,55,-0.6063651521167053,0.01,Cold Spot
34.26,-118.62,14,-0.6066387774509703,0.01,Cold Spot
34.22,-118.64,107,-0.6077238434316764,0.01,Cold Spot
34.27,-118.28,3,-0.6093372893682047,0.02,Cold Spot
34.28,-118.31,2,-0.6113389328232961,0.02,Cold Spot
34.33,-118.49,119,-0.6116058186173082,0.01,Cold Spot
34.14,-118.59,11,-0.6118727044113206,0.02,Cold Spot
34.14,-118.53,98,-0.6126066403448541,0.01,Cold Spot
34.08,-118.48,58,-0.6127340176556327,0.01,Cold Spot
34.25,-118.37,122,-0.6147550709866524,0.01,Cold Spot
34.32,-118.5,53,-0.6148381021225673,0.01,Cold Spot
33.75,-118.26,9,-0.6158759913215036,0.02,Cold Spot
34.15,-118.28,42,-0.6159797802413972,0.01,Cold Spot
34.15,-118.18,6,-0.616031674701344,0.04,Cold Spot
34.13,-118.49,91,-0.6164987248408655,0.01,Cold Spot
33.78,-118.22,17,-0.6168100916005463,0.03,Cold Spot
34.06,-118.55,165,-0.617043616670307,0.02,Cold Spot
34.07,-118.49,89,-0.6171837317121635,0.01,Cold Spot
34.31,-118.5,67,-0.6181687829155176,0.01,Cold Spot
34.15,-118.57,36,-0.6187717021865361,0.01,Cold Spot
34.27,-118.37,32,-0.6188651122144403,0.01,Cold Spot
34.28,-118.36,72,-0.6201461640256988,0.01,Cold Spot
34.13,-118.48,58,-0.6208267228004299,0.01,Cold Spot
34.18,-118.67,37,-0.6212937729399514,0.03,Cold Spot
34.3,-118.53,12,-0.6217608230794727,0.01,Cold Spot
34.15,-118.56,104,-0.6218202658245027,0.01,Cold Spot
34.23,-118.27,28,-0.6221811682050419,0.06,Not Significant
34.31,-118.52,24,-0.6228817434143239,0.01,Cold Spot
34.26,-118.37,32,-0.6236035481754023,0.01,Cold Spot
34.25,-118.36,74,-0.6239432210041451,0.01,Cold Spot
34.31,-118.51,107,-0.6243996563677683,0.01,Cold Spot
34.15,-118.55,113,-0.6248277856623295,0.01,Cold Spot
34.23,-118.34,11,-0.6254245719517179,0.01,Cold Spot
34.09,-118.46,61,-0.6258963397694163,0.01,Cold Spot
34.25,-118.63,3,-0.6262845372879794,0.01,Cold Spot
34.14,-118.54,8,-0.6271889835899097,0.01,Cold Spot
34.29,-118.59,23,-0.6275522448095374,0.01,Cold Spot
34.13,-118.5,107,-0.6292336253118143,0.01,Cold Spot
34.21,-118.66,34,-0.629754052610138,0.01,Cold Spot
34.3,-118.55,30,-0.6304064401066124,0.01,Cold Spot
34.26,-118.38,8,-0.6309065139933726,0.01,Cold Spot
34.21,-118.65,136,-0.6310084158419954,0.01,Cold Spot
34.3,-118.54,21,-0.6310551208559476,0.01,Cold Spot
34.23,-118.28,7,-0.631221924477205,0.01,Cold Spot
33.94,-118.44,104,-0.6312886459257083,0.01,Cold Spot
34.22,-118.65,69,-0.6316389335303493,0.01,Cold Spot
34.3,-118.58,52,-0.633273609018674,0.01,Cold Spot
34.06,-118.5,49,-0.6346429151095434,0.01,Cold Spot
34.27,-118.34,24,-0.6348248826963698,0.01,Cold Spot
33.76,-118.25,54,-0.6366597225302038,0.01,Cold Spot
34.14,-118.29,124,-0.6368265261514613,0.01,Cold Spot
34.14,-118.55,45,-0.6377339378511029,0.01,Cold Spot
34.09,-118.4,6,-0.6393322872174648,0.01,Cold Spot
34.09,-118.45,60,-0.6394620233673318,0.01,Cold Spot
34.26,-118.34,154,-0.6402663874965077,0.01,Cold Spot
34.33,-118.5,5,-0.64029604147362,0.01,Cold Spot
34.28,-118.6,14,-0.6410966988556566,0.01,Cold Spot
34.27,-118.62,75,-0.6415637489951779,0.01,Cold Spot
34.22,-118.66,15,-0.6421642420317053,0.01,Cold Spot
34.1,-118.45,112,-0.64226432420446,0.01,Cold Spot
34.28,-118.3,53,-0.643665474623024,0.01,Cold Spot
34.09,-118.47,79,-0.6437433163129442,0.01,Cold Spot
34.3,-118.59,13,-0.6438989996927846,0.01,Cold Spot
34.27,-118.35,25,-0.6440157622276651,0.01,Cold Spot
34.14,-118.57,7,-0.6442492872974258,0.01,Cold Spot
34.1,-118.44,36,-0.6444438915222264,0.01,Cold Spot
34.06,-118.51,3,-0.6445995749020668,0.01,Cold Spot
34.25,-118.34,16,-0.6447293110519338,0.01,Cold Spot
34.09,-118.44,46,-0.6447552582819072,0.01,Cold Spot
34.1,-118.43,62,-0.6453426092149416,0.01,Cold Spot
34.1,-118.4,54,-0.6454275274221273,0.01,Cold Spot
33.94,-118.43,20,-0.6455803801950616,0.01,Cold Spot
34.15,-118.29,132,-0.6457672002508702,0.01,Cold Spot
34.1,-118.46,78,-0.6459370366652415,0.01,Cold Spot
34.12,-118.4,65,-0.6461917912867986,0.01,Cold Spot
34.11,-118.46,19,-0.6462767094939844,0.01,Cold Spot
34.14,-118.58,2,-0.6469088783697001,0.01,Cold Spot
34.11,-118.4,44,-0.6469560551514699,0.01,Cold Spot
34.26,-118.35,43,-0.6472957279802127,0.01,Cold Spot
34.07,-118.55,40,-0.6473240340492745,0.01,Cold Spot
34.3,-118.56,23,-0.6474278229691683,0.01,Cold Spot
34.23,-118.65,20,-0.6476354008089554,0.01,Cold Spot
34.24,-118.63,2,-0.6479856884135965,0.01,Cold Spot
34.14,-118.56,112,-0.6480090409205725,0.01,Cold Spot
34.25,-118.35,26,-0.6485695010879983,0.01,Cold Spot
34.13,-118.55,5,-0.6489431411996153,0.01,Cold Spot
34.11,-118.44,78,-0.6490365512275196,0.01,Cold Spot
34.13,-118.51,13,-0.6491533137623999,0.01,Cold Spot
34.12,-118.45,49,-0.6494257596771208,0.01,Cold Spot
34.26,-118.36,79,-0.6494257596771208,0.01,Cold Spot
34.08,-118.49,27,-0.6495036013670409,0.01,Cold Spot
34.08,-118.55,13,-0.6496592847468813,0.02,Cold Spot
34.07,-118.56,56,-0.6496592847468813,0.01,Cold Spot
34.12,-118.41,13,-0.6500131106101551,0.01,Cold Spot
34.14,-118.32,5,-0.6500373729550653,0.01,Cold Spot
34.24,-118.35,9,-0.6500980288173409,0.01,Cold Spot
34.11,-118.43,28,-0.6504377016460836,0.01,Cold Spot
34.12,-118.43,74,-0.6506924562676407,0.01,Cold Spot
34.1,-118.41,23,-0.6540042663478831,0.01,Cold Spot
34.13,-118.52,1,-0.6540573402273742,0.01,Cold Spot
34.15,-118.3,25,-0.6541741027622545,0.01,Cold Spot
34.11,-118.45,53,-0.6541741027622545,0.01,Cold Spot
34.1,-118.47,111,-0.6543297861420949,0.01,Cold Spot
34.16,-118.29,6,-0.6547078743502788,0.01,Cold Spot
34.12,-118.42,19,-0.6553417281110578,0.01,Cold Spot
34.12,-118.46,33,-0.6555327940772256,0.01,Cold Spot
34.12,-118.44,50,-0.6558866199404995,0.01,Cold Spot
34.09,-118.43,43,-0.6559573851131542,0.01,Cold Spot
34.09,-118.48,14,-0.6561272215275256,0.01,Cold Spot
33.93,-118.44,8,-0.6569764035993825,0.01,Cold Spot
34.16,-118.3,21,-0.6572877703590634,0.01,Cold Spot
34.11,-118.42,71,-0.6582218706381061,0.01,Cold Spot
33.93,-118.43,131,-0.6587111612604618,0.01,Cold Spot
34.12,-118.47,44,-0.658844604157468,0.01,Cold Spot
33.72,-118.26,1,-0.6593116542969892,0.01,Cold Spot
34.07,-118.5,23,-0.6594984743527978,0.01,Cold Spot
34.27,-118.36,34,-0.659693786229325,0.01,Cold Spot
33.8,-118.22,14,-0.6607128047155534,0.01,Cold Spot
34.28,-118.35,64,-0.6608996247713619,0.01,Cold Spot
34.28,-118.61,19,-0.6613355382349151,0.01,Cold Spot
34.11,-118.41,33,-0.6615619867874104,0.01,Cold Spot
34.11,-118.47,16,-0.662658846963559,0.01,Cold Spot
34.28,-118.29,16,-0.6627144481706447,0.01,Cold Spot
34.33,-118.51,1,-0.6630480554131601,0.01,Cold Spot
34.12,-118.48,11,-0.6635151055526815,0.01,Cold Spot
34.1,-118.42,91,-0.6640599973821231,0.01,Cold Spot
34.09,-118.42,24,-0.6642793694173528,0.01,Cold Spot
34.24,-118.33,2,-0.6645529947516178,0.01,Cold Spot
34.24,-118.34,68,-0.6647605725914051,0.01,Cold Spot
34.15,-118.31,99,-0.6661098285500223,0.01,Cold Spot
33.92,-118.43,21,-0.6674383267246609,0.01,Cold Spot
34.09,-118.53,66,-0.6678742401882142,0.01,Cold Spot
34.09,-118.41,1,-0.6686007626274696,0.01,Cold Spot
34.15,-118.32,7,-0.6689862643299315,0.01,Cold Spot
34.23,-118.29,88,-0.6691197072269376,0.01,Cold Spot
34.29,-118.29,3,-0.669586757366459,0.01,Cold Spot
34.08,-118.56,45,-0.6730117917229489,0.01,Cold Spot
34.1,-118.48,4,-0.673280699379037,0.01,Cold Spot
34.27,-118.27,30,-0.6733231584826299,0.01,Cold Spot
34.11,-118.48,31,-0.6737902086221512,0.01,Cold Spot
34.23,-118.3,16,-0.6747243089011938,0.01,Cold Spot
34.27,-118.63,1,-0.674724308901194,0.01,Cold Spot
34.08,-118.57,16,-0.674724308901194,0.01,Cold Spot
34.08,-118.5,23,-0.6749578339709545,0.01,Cold Spot
34.08,-118.52,2,-0.6765925094592792,0.01,Cold Spot
34.16,-118.31,3,-0.6767481928391197,0.01,Cold Spot
34.12,-118.51,4,-0.6777134297941306,0.01,Cold Spot
34.09,-118.57,15,-0.6781493432576838,0.01,Cold Spot
34.09,-118.49,2,-0.678375791810179,0.01,Cold Spot
33.75,-118.25,14,-0.6786475300731732,0.01,Cold Spot
34.09,-118.51,41,-0.6797951389874256,0.01,Cold Spot
34.1,-118.49,41,-0.6798618604359288,0.01,Cold Spot
34.23,-118.31,2,-0.6829755280327378,0.01,Cold Spot
34.07,-118.51,1,-0.6844656403826392,0.01,Cold Spot
34.24,-118.64,1,-0.6845323618311422,0.01,Cold Spot
34.09,-118.5,1,-0.6845323618311423,0.01,Cold Spot
34.11,-118.5,4,-0.6874013841167733,0.01,Cold Spot
34.08,-118.51,29,-0.6874514252031507,0.01,Cold Spot
34.11,-118.49,24,-0.6876979238878982,0.01,Cold Spot
34.1,-118.5,3,-0.6878017128077918,0.01,Cold Spot
33.72,-118.25,1,-0.6892962732542601,0.01,Cold Spot
33.73,-118.24,16,-0.6938733646215693,0.01,Cold Spot
33.82,-118.22,1,-0.7004120665748682,0.01,Cold Spot
33.82,-118.23,2,-0.7004120665748682,0.01,Cold Spot
34.07,-118.59,1,,0.01,Not Significant
